,content,user,Location
12,"@ironlogicx @Not_the_Bee Yes, because nobody with the vaccine has gotten the virus or died. Maybe get some news somewhere other than the Huff Post or Corn Pops “press conferences”.","{'_type': 'snscrape.modules.twitter.User', 'username': 'FreeWillie21', 'id': 493628039, 'displayname': 'Mikael Williams', 'description': '', 'rawDescription': '', 'descriptionUrls': None, 'verified': False, 'created': '2012-02-16T00:45:56+00:00', 'followersCount': 50, 'friendsCount': 176, 'statusesCount': 10234, 'favouritesCount': 1209, 'listedCount': 0, 'mediaCount': 388, 'location': 'Wisconsin Dells, WI', 'protected': False, 'linkUrl': None, 'linkTcourl': None, 'profileImageUrl': 'https://pbs.twimg.com/profile_images/785001551605608448/_CAHef08_normal.jpg', 'profileBannerUrl': None, 'label': None, 'url': 'https://twitter.com/FreeWillie21'}","Wisconsin Dells, WI"
27,"@DrSuffocator This is priceless. Y’all realize this is the Chief editor of Huff Post? Obviously I hope she pulls through it ok but I am seriously lmao. Mask, glasses, face shield, vaccine….🤔","{'_type': 'snscrape.modules.twitter.User', 'username': 'GeorgeIhle', 'id': 1373760039010320391, 'displayname': 'George Ihle', 'description': 'Navy Veteran, Patriot, Husband, Survivor, Existentialist, Bearded, Scorpio, Lover of Beaches, Florida Native, Fighter not a Lover.', 'rawDescription': 'Navy Veteran, Patriot, Husband, Survivor, Existentialist, Bearded, Scorpio, Lover of Beaches, Florida Native, Fighter not a Lover.', 'descriptionUrls': None, 'verified': False, 'created': '2021-03-21T22:15:07+00:00', 'followersCount': 18, 'friendsCount': 32, 'statusesCount': 1020, 'favouritesCount': 50, 'listedCount': 0, 'mediaCount': 82, 'location': '', 'protected': False, 'linkUrl': None, 'linkTcourl': None, 'profileImageUrl': 'https://pbs.twimg.com/profile_images/1443341112161325057/cjoxTZJW_normal.jpg', 'profileBannerUrl': None, 'label': None, 'url': 'https://twitter.com/GeorgeIhle'}",
43,"@reservoirbunny @HuffPost And, Huff Post hasn't ran a story about the accusations against Petty until yesterday. When details broke in August, they had nothing to say about it.  She makes these stupid vaccine claims, now Huff Post wants to wade in.","{'_type': 'snscrape.modules.twitter.User', 'username': 'randyhubbard3', 'id': 1038321018, 'displayname': 'Randy Hubbard', 'description': 'If you allow politicians to break the law during an emergency, politicians will create an emergency so they can break the law.', 'rawDescription': 'If you allow politicians to break the law during an emergency, politicians will create an emergency so they can break the law.', 'descriptionUrls': None, 'verified': False, 'created': '2012-12-26T23:34:55+00:00', 'followersCount': 101, 'friendsCount': 346, 'statusesCount': 12789, 'favouritesCount': 1837, 'listedCount': 3, 'mediaCount': 230, 'location': 'Knoxville TN', 'protected': False, 'linkUrl': None, 'linkTcourl': None, 'profileImageUrl': 'https://pbs.twimg.com/profile_images/1420390571219329035/Lj-KNZqP_normal.jpg', 'profileBannerUrl': 'https://pbs.twimg.com/profile_banners/1038321018/1625085673', 'label': None, 'url': 'https://twitter.com/randyhubbard3'}",Knoxville TN
44,"@reservoirbunny @HuffPost No, I don't believe I do. Timeline pretty clear. This story of the accuser being harassed came out yesterday on some show. Huff Post published last night, updated today. Minaj's comments about the vaccine came out last week-Wed I believe. The rape civil suit came out in August.","{'_type': 'snscrape.modules.twitter.User', 'username': 'randyhubbard3', 'id': 1038321018, 'displayname': 'Randy Hubbard', 'description': 'If you allow politicians to break the law during an emergency, politicians will create an emergency so they can break the law.', 'rawDescription': 'If you allow politicians to break the law during an emergency, politicians will create an emergency so they can break the law.', 'descriptionUrls': None, 'verified': False, 'created': '2012-12-26T23:34:55+00:00', 'followersCount': 101, 'friendsCount': 346, 'statusesCount': 12789, 'favouritesCount': 1837, 'listedCount': 3, 'mediaCount': 230, 'location': 'Knoxville TN', 'protected': False, 'linkUrl': None, 'linkTcourl': None, 'profileImageUrl': 'https://pbs.twimg.com/profile_images/1420390571219329035/Lj-KNZqP_normal.jpg', 'profileBannerUrl': 'https://pbs.twimg.com/profile_banners/1038321018/1625085673', 'label': None, 'url': 'https://twitter.com/randyhubbard3'}",Knoxville TN
45,Charles Barkley Hits Anti-Vaccine Sports Stars With A Blunt Reminder - Huff Post  https://t.co/ADrjCIfMXb,"{'_type': 'snscrape.modules.twitter.User', 'username': 'HERDnat1on', 'id': 835290001315414016, 'displayname': 'Bryan Goodman', 'description': 'Husband, Marshall U, Author, Student, Baseball, Firefighter, Advocate, Tweets= my own, r/Ban_PFAS', 'rawDescription': 'Husband, Marshall U, Author, Student, Baseball, Firefighter, Advocate, Tweets= my own, r/Ban_PFAS', 'descriptionUrls': None, 'verified': False, 'created': '2017-02-25T00:47:10+00:00', 'followersCount': 71, 'friendsCount': 254, 'statusesCount': 598, 'favouritesCount': 556, 'listedCount': 2, 'mediaCount': 44, 'location': '', 'protected': False, 'linkUrl': 'https://medium.com/@goodman030', 'linkTcourl': 'https://t.co/uFqnlVMOiX', 'profileImageUrl': 'https://pbs.twimg.com/profile_images/1436461756201803807/PcOPnzNP_normal.jpg', 'profileBannerUrl': 'https://pbs.twimg.com/profile_banners/835290001315414016/1631560782', 'label': None, 'url': 'https://twitter.com/HERDnat1on'}",
46,"@BaronofAaron @Bob_Roberts1234 @wiseoldwoman @RexChapman @zachzachzach It isn't 100% effective. People have died after getting a vaccine, as well. I will trust the data on the NIH website over a Huff Post article though.","{'_type': 'snscrape.modules.twitter.User', 'username': 'issapunk', 'id': 46040569, 'displayname': 'eeessahhh', 'description': 'there’s always money in the banana stand', 'rawDescription': 'there’s always money in the banana stand', 'descriptionUrls': None, 'verified': False, 'created': '2009-06-10T04:52:04+00:00', 'followersCount': 369, 'friendsCount': 1177, 'statusesCount': 49280, 'favouritesCount': 71315, 'listedCount': 5, 'mediaCount': 638, 'location': 'nova', 'protected': False, 'linkUrl': 'http://bricktopdc.bandcamp.com', 'linkTcourl': 'https://t.co/9uDTfXsBGO', 'profileImageUrl': 'https://pbs.twimg.com/profile_images/1301191434733748225/ZfzztBrj_normal.jpg', 'profileBannerUrl': 'https://pbs.twimg.com/profile_banners/46040569/1593979765', 'label': None, 'url': 'https://twitter.com/issapunk'}",nova
47,"@okera820k5Mpjaq @lGzY6rcMorJ7aLC @sarutanian ＞New York Times admits the Pfizer vaccine is FAILING in Israel as post-injection infections skyrocket

08/24/2021 / By Ethan Huff

https://t.co/fM9nok7Ter","{'_type': 'snscrape.modules.twitter.User', 'username': 'makita_minoru', 'id': 2179513874, 'displayname': '牧田みのる', 'description': '今日のことば。情報交換のため相互フォローします。 反新自由主義、反移民、反TPP、反グローバリズム、反構造改革、反緊縮財政、消費税廃止。#社会起業家 #公益資本主義 の推奨 #財政出動 #国土強靭化 をしましょう。今日の言葉は【奥山に 紅葉踏みわけ 鳴く鹿の声きく時ぞ 秋は悲しき(蝉丸太夫)】', 'rawDescription': '今日のことば。情報交換のため相互フォローします。 反新自由主義、反移民、反TPP、反グローバリズム、反構造改革、反緊縮財政、消費税廃止。#社会起業家 #公益資本主義 の推奨 #財政出動 #国土強靭化 をしましょう。今日の言葉は【奥山に 紅葉踏みわけ 鳴く鹿の声きく時ぞ 秋は悲しき(蝉丸太夫)】', 'descriptionUrls': None, 'verified': False, 'created': '2013-11-07T06:55:16+00:00', 'followersCount': 1672, 'friendsCount': 2659, 'statusesCount': 40784, 'favouritesCount': 52795, 'listedCount': 0, 'mediaCount': 4272, 'location': '東京都 ', 'protected': False, 'linkUrl': 'http://feb27.sakura.ne.jp/images/pdf/episode/kokutainohongi.pdf', 'linkTcourl': 'https://t.co/r8h4sQWC21', 'profileImageUrl': 'https://pbs.twimg.com/profile_images/378800000711381306/6e77b9e740ac208814526a7ccf1b8beb_normal.jpeg', 'profileBannerUrl': 'https://pbs.twimg.com/profile_banners/2179513874/1384338681', 'label': None, 'url': 'https://twitter.com/makita_minoru'}",東京都 
48,"@ryansalyinglion @Huskobyte @nytimes I support driving over the speed limit except on the autobahn. But before you lurch into an asinine metaphor you read on huff post, driving and dying of covid aren't the same, chum. And there is good reason why Blacks and Hispanics are suspicious about the Vaccine.","{'_type': 'snscrape.modules.twitter.User', 'username': 'MartiniAlex', 'id': 57124092, 'displayname': 'Alex Martini', 'description': ""writer, editor, old, disgusted. 'Always remember: We walk in hell gazing at the flowers' --Kobayashi"", 'rawDescription': ""writer, editor, old, disgusted. 'Always remember: We walk in hell gazing at the flowers' --Kobayashi"", 'descriptionUrls': None, 'verified': False, 'created': '2009-07-15T20:16:53+00:00', 'followersCount': 542, 'friendsCount': 466, 'statusesCount': 7718, 'favouritesCount': 3168, 'listedCount': 9, 'mediaCount': 419, 'location': 'NY', 'protected': False, 'linkUrl': 'http://www.tracksracingthesun.com', 'linkTcourl': 'https://t.co/HWcMTHiXGb', 'profileImageUrl': 'https://pbs.twimg.com/profile_images/1385480637705031685/e-qW-QIv_normal.jpg', 'profileBannerUrl': 'https://pbs.twimg.com/profile_banners/57124092/1619159299', 'label': None, 'url': 'https://twitter.com/MartiniAlex'}",NY
49,"U.S. Administers 1 Million Vaccine Doses For Third Straight Day - Huff Post.
Finally the unvaccinated people are thinking about other people and not about politics!  People get vaccinated.    https://t.co/9IPL2elhNU","{'_type': 'snscrape.modules.twitter.User', 'username': 'kenmets', 'id': 64730756, 'displayname': 'Kenneth g. New', 'description': '', 'rawDescription': '', 'descriptionUrls': None, 'verified': False, 'created': '2009-08-11T14:42:00+00:00', 'followersCount': 39, 'friendsCount': 87, 'statusesCount': 7543, 'favouritesCount': 3698, 'listedCount': 2, 'mediaCount': 60, 'location': 'Traveller', 'protected': False, 'linkUrl': None, 'linkTcourl': None, 'profileImageUrl': 'https://pbs.twimg.com/profile_images/2726704945/25daf09848a12bf82878c88e1e5e69d2_normal.jpeg', 'profileBannerUrl': 'https://pbs.twimg.com/profile_banners/64730756/1350671142', 'label': None, 'url': 'https://twitter.com/kenmets'}",Traveller
50,"@gfmack13 @ParkerMolloy Huff Post story today: ""Stutts frequently shared conspiracy theories about the virus, vaccines &amp; the 2020 election on FB, including in posts made from his ICU bed. He protested VP Harris when she visited the area in June to promote vax &amp; called the effort an “ungodly initiative.”","{'_type': 'snscrape.modules.twitter.User', 'username': 'nick_stone3', 'id': 719382294, 'displayname': 'Nick Stone', 'description': '', 'rawDescription': '', 'descriptionUrls': None, 'verified': False, 'created': '2012-07-27T04:02:45+00:00', 'followersCount': 331, 'friendsCount': 1107, 'statusesCount': 23741, 'favouritesCount': 62522, 'listedCount': 2, 'mediaCount': 99, 'location': '', 'protected': False, 'linkUrl': None, 'linkTcourl': None, 'profileImageUrl': 'https://pbs.twimg.com/profile_images/764620834786844673/uIWPNq5j_normal.jpg', 'profileBannerUrl': None, 'label': None, 'url': 'https://twitter.com/nick_stone3'}",
51,"Finally I can huff again, post-vaccine side effects gone ♥","{'_type': 'snscrape.modules.twitter.User', 'username': 'Beanjam1993', 'id': 53523272, 'displayname': 'Beanjam 🏳️\u200d🌈', 'description': 'Perv.  18+ only. Gamer, bottom\nPopperbate addict\n\nHmu if you are a long term perv porn bud\n\ndms open, but only for total filthy pervs', 'rawDescription': 'Perv.  18+ only. Gamer, bottom\nPopperbate addict\n\nHmu if you are a long term perv porn bud\n\ndms open, but only for total filthy pervs', 'descriptionUrls': None, 'verified': False, 'created': '2009-07-03T22:49:26+00:00', 'followersCount': 325, 'friendsCount': 1511, 'statusesCount': 1841, 'favouritesCount': 1355, 'listedCount': 5, 'mediaCount': 254, 'location': 'Essex, England', 'protected': False, 'linkUrl': None, 'linkTcourl': None, 'profileImageUrl': 'https://pbs.twimg.com/profile_images/1079011136698224640/u0LrqzSH_normal.jpg', 'profileBannerUrl': None, 'label': None, 'url': 'https://twitter.com/Beanjam1993'}","Essex, England"
52,"@nytimes @VP @Huff post @JETmagazine 
To any unvaccinated black people: The win is up to us. 
Move into the vaxxed column and outlive the racist bigots who are flying this virus. Beat them by living your best life. Take the vaccine it is the seatbelts for your  lungs.","{'_type': 'snscrape.modules.twitter.User', 'username': 'ria1942', 'id': 68394722, 'displayname': 'Ritannette3', 'description': '', 'rawDescription': '', 'descriptionUrls': None, 'verified': False, 'created': '2009-08-24T12:24:21+00:00', 'followersCount': 28, 'friendsCount': 279, 'statusesCount': 5099, 'favouritesCount': 2397, 'listedCount': 4, 'mediaCount': 29, 'location': '', 'protected': False, 'linkUrl': None, 'linkTcourl': None, 'profileImageUrl': 'https://pbs.twimg.com/profile_images/671846834365554688/Ui9FdF55_normal.jpg', 'profileBannerUrl': None, 'label': None, 'url': 'https://twitter.com/ria1942'}",
53,"@bostonurse37 Type in the first lines in google &amp; you will find many articles.  Interesting article from Huff Post from 2014 when people were concerned about coming up with a Ebola Vaccine too fast. The paragraph I posted did not come from Huff, but they used too. https://t.co/R4AcX88z43","{'_type': 'snscrape.modules.twitter.User', 'username': 'mcnabbfreedom', 'id': 782917015480795136, 'displayname': 'McNabb Clan', 'description': 'Mom above all else, concealed carrier, descendants who fought Irish racism, independent politically, last generation with\nunfettered freedom. Not a dating site.', 'rawDescription': 'Mom above all else, concealed carrier, descendants who fought Irish racism, independent politically, last generation with\nunfettered freedom. Not a dating site.', 'descriptionUrls': None, 'verified': False, 'created': '2016-10-03T12:15:37+00:00', 'followersCount': 719, 'friendsCount': 1645, 'statusesCount': 37664, 'favouritesCount': 13105, 'listedCount': 2, 'mediaCount': 3011, 'location': '', 'protected': False, 'linkUrl': None, 'linkTcourl': None, 'profileImageUrl': 'https://pbs.twimg.com/profile_images/1187518257437335553/UFjX1KdD_normal.jpg', 'profileBannerUrl': 'https://pbs.twimg.com/profile_banners/782917015480795136/1500975656', 'label': None, 'url': 'https://twitter.com/mcnabbfreedom'}",
54,"@aubrey_huff Here comes all the conservatives ready to eat this post up. 🤦🏾‍♀️ you can get the virus with the vaccine, you’re just unlikely to die from it.","{'_type': 'snscrape.modules.twitter.User', 'username': 'dexxvus', 'id': 1300186095825620992, 'displayname': 'edna', 'description': 'Mitski.', 'rawDescription': 'Mitski.', 'descriptionUrls': None, 'verified': False, 'created': '2020-08-30T21:38:26+00:00', 'followersCount': 2, 'friendsCount': 29, 'statusesCount': 80, 'favouritesCount': 389, 'listedCount': 0, 'mediaCount': 18, 'location': '', 'protected': False, 'linkUrl': None, 'linkTcourl': None, 'profileImageUrl': 'https://pbs.twimg.com/profile_images/1413278572760944641/q0cgTFeI_normal.jpg', 'profileBannerUrl': None, 'label': None, 'url': 'https://twitter.com/dexxvus'}",
55,"@CatPadme @Winniefred427 @aubrey_huff You are calling her dumb and then posting that? LOL
News flash you are NOT immune with these vaccines if you can still get it. read your own post . Geez 

Actual vaccines like polio, measles, chicken pox etc... are.","{'_type': 'snscrape.modules.twitter.User', 'username': 'mikelor23896140', 'id': 1034818142629978113, 'displayname': 'ML', 'description': 'Outdoors. Fishing, Golfing, Bow Hunting etc.. \n#maverickboats\n#BRAVES\n#Dolphins', 'rawDescription': 'Outdoors. Fishing, Golfing, Bow Hunting etc.. \n#maverickboats\n#BRAVES\n#Dolphins', 'descriptionUrls': None, 'verified': False, 'created': '2018-08-29T15:00:45+00:00', 'followersCount': 44, 'friendsCount': 249, 'statusesCount': 2894, 'favouritesCount': 4459, 'listedCount': 1, 'mediaCount': 187, 'location': '', 'protected': False, 'linkUrl': None, 'linkTcourl': None, 'profileImageUrl': 'https://pbs.twimg.com/profile_images/1213169772701081600/ute9mjVf_normal.jpg', 'profileBannerUrl': None, 'label': None, 'url': 'https://twitter.com/mikelor23896140'}",
56,"@michaelkrivicka @aubrey_huff No he hasn't. He doesn't even know how vaccines work but complains about them 24/7. 

Remember his other posts, the covid numbers are ""false"" so Newsom can mail out ballots. Then he follows it up with this post. You think he would be more self aware.","{'_type': 'snscrape.modules.twitter.User', 'username': 'infectedtwin', 'id': 31663548, 'displayname': 'Mitchell Thompson', 'description': '', 'rawDescription': '', 'descriptionUrls': None, 'verified': False, 'created': '2009-04-16T05:48:39+00:00', 'followersCount': 34, 'friendsCount': 347, 'statusesCount': 64, 'favouritesCount': 647, 'listedCount': 0, 'mediaCount': 0, 'location': '', 'protected': False, 'linkUrl': None, 'linkTcourl': None, 'profileImageUrl': 'https://pbs.twimg.com/profile_images/941671434874580993/nrQFrXLL_normal.jpg', 'profileBannerUrl': 'https://pbs.twimg.com/profile_banners/31663548/1436314956', 'label': None, 'url': 'https://twitter.com/infectedtwin'}",
57,Huff Post: Bryson DeChambeau Spouts Vaccination Nonsense After Missing Olympics Due To COVID. The “scientist” is full of shit not science. The United States has a surplus of vaccines and millions of doses are about to go to waste. #BrysonBullshit https://t.co/hS3ya5QAVQ,"{'_type': 'snscrape.modules.twitter.User', 'username': 'Frank60566087', 'id': 896516878214074369, 'displayname': 'Frank', 'description': 'I follow US politics.', 'rawDescription': 'I follow US politics.', 'descriptionUrls': None, 'verified': False, 'created': '2017-08-12T23:40:55+00:00', 'followersCount': 18, 'friendsCount': 49, 'statusesCount': 5176, 'favouritesCount': 70, 'listedCount': 0, 'mediaCount': 1350, 'location': 'Armonk, NY', 'protected': False, 'linkUrl': None, 'linkTcourl': None, 'profileImageUrl': 'https://abs.twimg.com/sticky/default_profile_images/default_profile_normal.png', 'profileBannerUrl': None, 'label': None, 'url': 'https://twitter.com/Frank60566087'}","Armonk, NY"
58,"@EmeraldRobinson @aubrey_huff That quote is from December, three days after the FDA approved emergency-only vaccine use. He got his first dose of the vaccine back at the end of February. Why would you post this *two hours ago*, eight months after the fact, unless it was to spread misinformation?","{'_type': 'snscrape.modules.twitter.User', 'username': 'DannyAdelante', 'id': 27346068, 'displayname': 'Daniel Smith', 'description': ""'You're very witty on Facebook' - my Mum, 2016"", 'rawDescription': ""'You're very witty on Facebook' - my Mum, 2016"", 'descriptionUrls': None, 'verified': False, 'created': '2009-03-29T00:46:01+00:00', 'followersCount': 504, 'friendsCount': 3421, 'statusesCount': 16271, 'favouritesCount': 34139, 'listedCount': 8, 'mediaCount': 970, 'location': 'New York City via Donegal, Ireland', 'protected': False, 'linkUrl': None, 'linkTcourl': None, 'profileImageUrl': 'https://pbs.twimg.com/profile_images/1204859561615736832/VqnDVPbs_normal.jpg', 'profileBannerUrl': 'https://pbs.twimg.com/profile_banners/27346068/1599773955', 'label': None, 'url': 'https://twitter.com/DannyAdelante'}","New York City via Donegal, Ireland"
59,"@PaulTheG33k Maybe they 'researched' via heavily 'opinionated' tertiary sources... like Huff Post or OAN. 😕 Personally, I only do research via satire sites like the Onion. 🤣 Speaking of which, did you know that the vaccine gives you super powers and makes you a better lover?","{'_type': 'snscrape.modules.twitter.User', 'username': 'nephiw', 'id': 49890181, 'displayname': 'Nephi Wright', 'description': 'father, husband, software author, board gamer, book devourer, novice bird watcher', 'rawDescription': 'father, husband, software author, board gamer, book devourer, novice bird watcher', 'descriptionUrls': None, 'verified': False, 'created': '2009-06-23T04:59:37+00:00', 'followersCount': 136, 'friendsCount': 162, 'statusesCount': 2130, 'favouritesCount': 605, 'listedCount': 14, 'mediaCount': 81, 'location': 'Loveland, OH', 'protected': False, 'linkUrl': 'http://www.linkedin.com/in/nephiw', 'linkTcourl': 'https://t.co/AorVq371Wp', 'profileImageUrl': 'https://pbs.twimg.com/profile_images/1323798239477436419/sny6fzJk_normal.jpg', 'profileBannerUrl': 'https://pbs.twimg.com/profile_banners/49890181/1617240896', 'label': None, 'url': 'https://twitter.com/nephiw'}","Loveland, OH"
60,@thanh_neville - Thank you 🙏 for your Huff Post article. I finally read the words that communicate the frustration I have felt inside for months as I watched Americans full of disinformation refuse to get vaccinated while so many parts of the world wish they had vaccines! Sad 😔,"{'_type': 'snscrape.modules.twitter.User', 'username': 'LA_beccckkky', 'id': 290896860, 'displayname': 'Becky O', 'description': 'Global citizen, California born of Mex roots. Former Fortune 500 exec.  Love travel, sustainable living, music, art, culture, finance, health & tech. 🇺🇸🇲🇽', 'rawDescription': 'Global citizen, California born of Mex roots. Former Fortune 500 exec.  Love travel, sustainable living, music, art, culture, finance, health & tech. 🇺🇸🇲🇽', 'descriptionUrls': None, 'verified': False, 'created': '2011-05-01T04:02:32+00:00', 'followersCount': 256, 'friendsCount': 1075, 'statusesCount': 20161, 'favouritesCount': 14646, 'listedCount': 28, 'mediaCount': 144, 'location': 'Mexico City, MX', 'protected': False, 'linkUrl': None, 'linkTcourl': None, 'profileImageUrl': 'https://pbs.twimg.com/profile_images/1351259846272815113/twGC359W_normal.jpg', 'profileBannerUrl': 'https://pbs.twimg.com/profile_banners/290896860/1611000428', 'label': None, 'url': 'https://twitter.com/LA_beccckkky'}","Mexico City, MX"
61,Huff Post: Father Of 5 Dies Of COVID After Texting 'I Should Have Gotten The Damn Vaccine’. A side effect of NOT getting the Covid vaccine is DEATH.,"{'_type': 'snscrape.modules.twitter.User', 'username': 'Frank60566087', 'id': 896516878214074369, 'displayname': 'Frank', 'description': 'I follow US politics.', 'rawDescription': 'I follow US politics.', 'descriptionUrls': None, 'verified': False, 'created': '2017-08-12T23:40:55+00:00', 'followersCount': 18, 'friendsCount': 49, 'statusesCount': 5176, 'favouritesCount': 70, 'listedCount': 0, 'mediaCount': 1350, 'location': 'Armonk, NY', 'protected': False, 'linkUrl': None, 'linkTcourl': None, 'profileImageUrl': 'https://abs.twimg.com/sticky/default_profile_images/default_profile_normal.png', 'profileBannerUrl': None, 'label': None, 'url': 'https://twitter.com/Frank60566087'}","Armonk, NY"
62,"•Delta Variant Will ‘Find Everybody Not Immune,’ Warns Mayo Clinic Vaccine Expert / https://t.co/4dtCS2CSIU / Mary Papenfuss, Huff Post
July 23, 2021 - “Don’t be deceived that ‘I got this far and I am OK.’ This is a very different variant. It will find you,” said","{'_type': 'snscrape.modules.twitter.User', 'username': 'EvergreeneDgst', 'id': 1010271682135773184, 'displayname': 'david culver', 'description': '', 'rawDescription': '', 'descriptionUrls': None, 'verified': False, 'created': '2018-06-22T21:21:53+00:00', 'followersCount': 4, 'friendsCount': 33, 'statusesCount': 4671, 'favouritesCount': 426, 'listedCount': 0, 'mediaCount': 761, 'location': '', 'protected': False, 'linkUrl': None, 'linkTcourl': None, 'profileImageUrl': 'https://abs.twimg.com/sticky/default_profile_images/default_profile_normal.png', 'profileBannerUrl': None, 'label': None, 'url': 'https://twitter.com/EvergreeneDgst'}",
63,@TheDuckFatha @CNN Yeah yeah keep listening to Fox News and the New York Post! Hope one day you wake up to reality and really see the truth that lies in the vaccine! Listen to some Wolf Blitzer and Lemon for a change. Maybe read an eligible document from the Huff Post! Get a grip.,"{'_type': 'snscrape.modules.twitter.User', 'username': 'DickMar81723939', 'id': 1336010921223856130, 'displayname': 'Coach Dick Marshall', 'description': 'Presidential Candidate for 2024/ Head Coach for the San Diego Snakes/ Left Wing Activist/Green New Deal Advocate/Bernie Sanders Enthusiast', 'rawDescription': 'Presidential Candidate for 2024/ Head Coach for the San Diego Snakes/ Left Wing Activist/Green New Deal Advocate/Bernie Sanders Enthusiast', 'descriptionUrls': None, 'verified': False, 'created': '2020-12-07T18:13:27+00:00', 'followersCount': 31, 'friendsCount': 28, 'statusesCount': 98, 'favouritesCount': 2, 'listedCount': 0, 'mediaCount': 6, 'location': 'San Diego, CA', 'protected': False, 'linkUrl': 'https://democrats.org', 'linkTcourl': 'https://t.co/rUy4ezB7On', 'profileImageUrl': 'https://pbs.twimg.com/profile_images/1336013642718978048/o8vBl6xg_normal.jpg', 'profileBannerUrl': 'https://pbs.twimg.com/profile_banners/1336010921223856130/1607481299', 'label': None, 'url': 'https://twitter.com/DickMar81723939'}","San Diego, CA"
64,"Medical Groups Call For Mandatory COVID-19 Vaccines For Health Care Workers
“Vaccination is the primary way to put the pandemic behind us and avoid the return of stringent public health measures.” HUFF POST (ITS ABOUT TIME!)","{'_type': 'snscrape.modules.twitter.User', 'username': 'NESW123', 'id': 823012910247055360, 'displayname': 'E. W. S...', 'description': 'GREEN. #RESIST..GET EM ALL OUT.....RN. Family Nurse Practitioner. # resist. blue through and through No DM.', 'rawDescription': 'GREEN. #RESIST..GET EM ALL OUT.....RN. Family Nurse Practitioner. # resist. blue through and through No DM.', 'descriptionUrls': None, 'verified': False, 'created': '2017-01-22T03:42:23+00:00', 'followersCount': 1034, 'friendsCount': 2370, 'statusesCount': 80135, 'favouritesCount': 45146, 'listedCount': 0, 'mediaCount': 759, 'location': 'United States', 'protected': False, 'linkUrl': None, 'linkTcourl': None, 'profileImageUrl': 'https://pbs.twimg.com/profile_images/869748050541064192/F2h0nseE_normal.jpg', 'profileBannerUrl': None, 'label': None, 'url': 'https://twitter.com/NESW123'}",United States
65,"Nice job DeSantis
DIRE FLORIDA CASE SURGE: FEW VACCINES, FEW MASKS
Huff Post","{'_type': 'snscrape.modules.twitter.User', 'username': 'Paulett14584593', 'id': 1307701327007416322, 'displayname': 'NastyPaulette@Paulette', 'description': 'Been around and visited School of Hard Knocks. Need to get our true America back. Tired of dumb politicians and their inflated egos. NO DM (was nastygal6)', 'rawDescription': 'Been around and visited School of Hard Knocks. Need to get our true America back. Tired of dumb politicians and their inflated egos. NO DM (was nastygal6)', 'descriptionUrls': None, 'verified': False, 'created': '2020-09-20T15:22:14+00:00', 'followersCount': 5946, 'friendsCount': 6422, 'statusesCount': 16588, 'favouritesCount': 16296, 'listedCount': 4, 'mediaCount': 86, 'location': 'Ca', 'protected': False, 'linkUrl': None, 'linkTcourl': None, 'profileImageUrl': 'https://pbs.twimg.com/profile_images/1399518222571872257/QWmhJeOX_normal.jpg', 'profileBannerUrl': 'https://pbs.twimg.com/profile_banners/1307701327007416322/1623833999', 'label': None, 'url': 'https://twitter.com/Paulett14584593'}",Ca
66,@Sam_Floriano_ @LennyDykstra @DeAndreHopkins @jalenramsey @Bease11 @_fournette @Logan_Ratick @DanielsCongress @DAnderson314 @aubrey_huff @TheEsqofSports @ToddPratt07 @griffin_64 @CameronRupp @BoomerWells33 Go do some research on what the vaccine does before you go post something that makes you sound like an......,"{'_type': 'snscrape.modules.twitter.User', 'username': 'BLMrTerroist', 'id': 834273966231527424, 'displayname': 'Just Another Mike', 'description': '', 'rawDescription': '', 'descriptionUrls': None, 'verified': False, 'created': '2017-02-22T05:29:48+00:00', 'followersCount': 7, 'friendsCount': 19, 'statusesCount': 152, 'favouritesCount': 54, 'listedCount': 0, 'mediaCount': 3, 'location': 'Colorado, USA', 'protected': False, 'linkUrl': None, 'linkTcourl': None, 'profileImageUrl': 'https://pbs.twimg.com/profile_images/1369080790173110273/iXFIYYId_normal.jpg', 'profileBannerUrl': None, 'label': None, 'url': 'https://twitter.com/BLMrTerroist'}","Colorado, USA"
67,"@suenesbitt75 @KieberBrady @aubrey_huff Or you know a vaccine based on research that has been known for 30 years and tested for 15 for other viruses, but yeah, skip it because of a Facebook post by a kid from high school that failed science. 🤨","{'_type': 'snscrape.modules.twitter.User', 'username': 'Moqmom', 'id': 2564688736, 'displayname': 'House of nebulized H2O2💉💉', 'description': 'Democracy supporter, I ❤️ science, facts and reality. Which is why I’m a former Republican.', 'rawDescription': 'Democracy supporter, I ❤️ science, facts and reality. Which is why I’m a former Republican.', 'descriptionUrls': None, 'verified': False, 'created': '2014-05-26T04:42:06+00:00', 'followersCount': 870, 'friendsCount': 1553, 'statusesCount': 8021, 'favouritesCount': 96873, 'listedCount': 2, 'mediaCount': 1378, 'location': 'In actual reality', 'protected': False, 'linkUrl': 'https://www.sciencedirect.com/science/article/abs/pii/S1748013219301483', 'linkTcourl': 'https://t.co/Js0Go3M1nc', 'profileImageUrl': 'https://pbs.twimg.com/profile_images/1407380868545515526/3sq2wsAs_normal.jpg', 'profileBannerUrl': 'https://pbs.twimg.com/profile_banners/2564688736/1631880701', 'label': None, 'url': 'https://twitter.com/Moqmom'}",In actual reality
68,"The 17-year-old, who is now the third Olympic athlete to test positive, was expected to lead Team USA's 12-person tennis team at the games in Tokyo. https://t.co/iUFvTu9QEz # via @HuffPostSports Huff Post scared to find out if she was vaccinated, yet includes para on vaccines","{'_type': 'snscrape.modules.twitter.User', 'username': 'magsaysayspeaks', 'id': 402442158, 'displayname': 'Ramon Magsaysay', 'description': 'Striving to speak truth', 'rawDescription': 'Striving to speak truth', 'descriptionUrls': None, 'verified': False, 'created': '2011-11-01T02:30:48+00:00', 'followersCount': 37, 'friendsCount': 378, 'statusesCount': 1409, 'favouritesCount': 210, 'listedCount': 0, 'mediaCount': 19, 'location': 'Virginia, USA', 'protected': False, 'linkUrl': None, 'linkTcourl': None, 'profileImageUrl': 'https://pbs.twimg.com/profile_images/1616576868/ramon-magsaysay-1_normal.jpg', 'profileBannerUrl': None, 'label': None, 'url': 'https://twitter.com/magsaysayspeaks'}","Virginia, USA"
69,"@Slotherine44 @aubrey_huff @JoeBiden … That’s sort of he nature of vaccines my guy. You don’t have 20 years of data post-vaccine off the rip because they’re developed and administered quickly to combat something that’s killing people in high volumes. While 1% mortality is low, it’s highly transmissible meaning…","{'_type': 'snscrape.modules.twitter.User', 'username': 'T3HT0RCH', 'id': 369217700, 'displayname': 'Black Lives Matter', 'description': '', 'rawDescription': '', 'descriptionUrls': None, 'verified': False, 'created': '2011-09-07T00:02:04+00:00', 'followersCount': 53, 'friendsCount': 172, 'statusesCount': 4669, 'favouritesCount': 20999, 'listedCount': 0, 'mediaCount': 293, 'location': 'Canada', 'protected': False, 'linkUrl': None, 'linkTcourl': None, 'profileImageUrl': 'https://pbs.twimg.com/profile_images/1281770066628018176/VbsoX-AT_normal.jpg', 'profileBannerUrl': 'https://pbs.twimg.com/profile_banners/369217700/1617916123', 'label': None, 'url': 'https://twitter.com/T3HT0RCH'}",Canada
70,"@GolfGuy_567 @aubrey_huff Before the vaccines were available, yes. Post, you have quite a bit more freedom.","{'_type': 'snscrape.modules.twitter.User', 'username': 'jkohl67', 'id': 49827397, 'displayname': 'Jeremy Kohl', 'description': 'civil savage', 'rawDescription': 'civil savage', 'descriptionUrls': None, 'verified': False, 'created': '2009-06-23T00:36:06+00:00', 'followersCount': 191, 'friendsCount': 1504, 'statusesCount': 11718, 'favouritesCount': 17211, 'listedCount': 2, 'mediaCount': 319, 'location': 'Reading, PA', 'protected': False, 'linkUrl': None, 'linkTcourl': None, 'profileImageUrl': 'https://pbs.twimg.com/profile_images/1395911790622560259/I92i3lZb_normal.jpg', 'profileBannerUrl': 'https://pbs.twimg.com/profile_banners/49827397/1407773804', 'label': None, 'url': 'https://twitter.com/jkohl67'}","Reading, PA"
71,"Post-Covid Vaccine Deaths Are Not Being Autopsied – Why? By Ethan Huff - Dr. Jane Orient, M.D., the executive director of the Association of American Physicians and Surgeons (AAPS), wants to know why the medical system is refusing to perform... https://t.co/Pm30Jvw6XW","{'_type': 'snscrape.modules.twitter.User', 'username': 'AntiBillGates', 'id': 1405601824091017216, 'displayname': 'ABGreport', 'description': '', 'rawDescription': '', 'descriptionUrls': None, 'verified': False, 'created': '2021-06-17T19:02:49+00:00', 'followersCount': 54, 'friendsCount': 592, 'statusesCount': 1953, 'favouritesCount': 20, 'listedCount': 1, 'mediaCount': 3, 'location': 'Massachusetts', 'protected': False, 'linkUrl': 'https://nephilimworldorder.com', 'linkTcourl': 'https://t.co/z1lHSb2sK7', 'profileImageUrl': 'https://pbs.twimg.com/profile_images/1405601886384885764/RSeiR2VG_normal.png', 'profileBannerUrl': 'https://pbs.twimg.com/profile_banners/1405601824091017216/1624024575', 'label': None, 'url': 'https://twitter.com/AntiBillGates'}",Massachusetts
72,Tried to have a civilised convo with an anti-vax acquaintance and instead I'm now getting huff post links sent to me to prove the vaccine is unsafe... serves me right 🙄,"{'_type': 'snscrape.modules.twitter.User', 'username': 'Reborn_Truth', 'id': 937811911348977664, 'displayname': 'Vretti Renesi', 'description': '📚 MA in Criminology and Social Research.\nAn incarnation of Satan and Trotsky, apparently.', 'rawDescription': '📚 MA in Criminology and Social Research.\nAn incarnation of Satan and Trotsky, apparently.', 'descriptionUrls': None, 'verified': False, 'created': '2017-12-04T22:32:38+00:00', 'followersCount': 26, 'friendsCount': 107, 'statusesCount': 314, 'favouritesCount': 527, 'listedCount': 0, 'mediaCount': 13, 'location': '', 'protected': False, 'linkUrl': None, 'linkTcourl': None, 'profileImageUrl': 'https://pbs.twimg.com/profile_images/938117041697026048/Za47o-B5_normal.jpg', 'profileBannerUrl': 'https://pbs.twimg.com/profile_banners/937811911348977664/1512500688', 'label': None, 'url': 'https://twitter.com/Reborn_Truth'}",
73,@23rdspiral But you are living in fear hence your original post no? What's the point of the vaccine please tell me? I'm very sorry if you are immune compromised but does that go for the flu or any other respiratory disease? Before you get in a huff I know covid is awful but where's the end?,"{'_type': 'snscrape.modules.twitter.User', 'username': 'Robertd29916814', 'id': 975871855604224000, 'displayname': 'Robert darby', 'description': '', 'rawDescription': '', 'descriptionUrls': None, 'verified': False, 'created': '2018-03-19T23:09:16+00:00', 'followersCount': 44, 'friendsCount': 2253, 'statusesCount': 290, 'favouritesCount': 384, 'listedCount': 0, 'mediaCount': 6, 'location': '', 'protected': False, 'linkUrl': None, 'linkTcourl': None, 'profileImageUrl': 'https://pbs.twimg.com/profile_images/1397609880236793857/C7GuVoz0_normal.jpg', 'profileBannerUrl': None, 'label': None, 'url': 'https://twitter.com/Robertd29916814'}",
74,@BlackPopeVice @MericaMark69 @aubrey_huff I don’t care about stories or anecdotes that are not verifiable. Please post your data showing that the vaccine is dangerous. 99% of those currently dying from COVID were not vaccinated.,"{'_type': 'snscrape.modules.twitter.User', 'username': 'LoneCzarState', 'id': 3287134124, 'displayname': 'Jason', 'description': '😎', 'rawDescription': '😎', 'descriptionUrls': None, 'verified': False, 'created': '2015-07-22T04:15:14+00:00', 'followersCount': 1415, 'friendsCount': 1009, 'statusesCount': 55401, 'favouritesCount': 7736, 'listedCount': 33, 'mediaCount': 2307, 'location': 'Fort Worth, TX', 'protected': False, 'linkUrl': None, 'linkTcourl': None, 'profileImageUrl': 'https://pbs.twimg.com/profile_images/1410804826510794752/Nw2glhoV_normal.jpg', 'profileBannerUrl': 'https://pbs.twimg.com/profile_banners/3287134124/1580079012', 'label': None, 'url': 'https://twitter.com/LoneCzarState'}","Fort Worth, TX"
75,@BlackPopeVice @MericaMark69 @aubrey_huff Please post your data showing all these people who have died from the COVID vaccine.,"{'_type': 'snscrape.modules.twitter.User', 'username': 'LoneCzarState', 'id': 3287134124, 'displayname': 'Jason', 'description': '😎', 'rawDescription': '😎', 'descriptionUrls': None, 'verified': False, 'created': '2015-07-22T04:15:14+00:00', 'followersCount': 1415, 'friendsCount': 1009, 'statusesCount': 55401, 'favouritesCount': 7736, 'listedCount': 33, 'mediaCount': 2307, 'location': 'Fort Worth, TX', 'protected': False, 'linkUrl': None, 'linkTcourl': None, 'profileImageUrl': 'https://pbs.twimg.com/profile_images/1410804826510794752/Nw2glhoV_normal.jpg', 'profileBannerUrl': 'https://pbs.twimg.com/profile_banners/3287134124/1580079012', 'label': None, 'url': 'https://twitter.com/LoneCzarState'}","Fort Worth, TX"
